Workbook

Sheet Isi_Soal
A1: No | B1: questionText | C1: optionA | D1: optionB | E1: optionC | F1: optionD | G1: correctOption | H1: Catatan/Error
A2: 1 | B2: 2 + 2 adalah | C2: 3 | D2: 4 | E2: 7 | F2: 10 | G2: B | H2: =IF(B2="","",IF(OR(C2="",D2="",E2="",F2="",G2=""),"Lengkapi option dan jawaban benar",IF(ISERROR(MATCH(G2,Referensi!$A$2:$A$5,0)),"correctOption harus A/B/C/D","OK"))) -> OK
B3: No.1 merupakan contoh cara mengisi template soal, hapus tulisan ini dan lanjutkan ke bawah
A5: =IF(B5<>"",COUNTA($B$2:B5),"") | H5: =IF(B5="","",IF(OR(C5="",D5="",E5="",F5="",G5=""),"Lengkapi option dan jawaban benar",IF(ISERROR(MATCH(G5,Referensi!$A$2:$A$5,0)),"correctOption harus A/B/C/D","OK")))
A6: =IF(B6<>"",COUNTA($B$2:B6),"") | H6: =IF(B6="","",IF(OR(C6="",D6="",E6="",F6="",G6=""),"Lengkapi option dan jawaban benar",IF(ISERROR(MATCH(G6,Referensi!$A$2:$A$5,0)),"correctOption harus A/B/C/D","OK")))
A7: =IF(B7<>"",COUNTA($B$2:B7),"") | H7: =IF(B7="","",IF(OR(C7="",D7="",E7="",F7="",G7=""),"Lengkapi option dan jawaban benar",IF(ISERROR(MATCH(G7,Referensi!$A$2:$A$5,0)),"correctOption harus A/B/C/D","OK")))
A8: =IF(B8<>"",COUNTA($B$2:B8),"") | H8: =IF(B8="","",IF(OR(C8="",D8="",E8="",F8="",G8=""),"Lengkapi option dan jawaban benar",IF(ISERROR(MATCH(G8,Referensi!$A$2:$A$5,0)),"correctOption harus A/B/C/D","OK")))
A9: =IF(B9<>"",COUNTA($B$2:B9),"") | H9: =IF(B9="","",IF(OR(C9="",D9="",E9="",F9="",G9=""),"Lengkapi option dan jawaban benar",IF(ISERROR(MATCH(G9,Referensi!$A$2:$A$5,0)),"correctOption harus A/B/C/D","OK")))
A10: =IF(B10<>"",COUNTA($B$2:B10),"") | H10: =IF(B10="","",IF(OR(C10="",D10="",E10="",F10="",G10=""),"Lengkapi option dan jawaban benar",IF(ISERROR(MATCH(G10,Referensi!$A$2:$A$5,0)),"correctOption harus A/B/C/D","OK")))
A11: =IF(B11<>"",COUNTA($B$2:B11),"") | H11: =IF(B11="","",IF(OR(C11="",D11="",E11="",F11="",G11=""),"Lengkapi option dan jawaban benar",IF(ISERROR(MATCH(G11,Referensi!$A$2:$A$5,0)),"correctOption harus A/B/C/D","OK")))
A12: =IF(B12<>"",COUNTA($B$2:B12),"") | H12: =IF(B12="","",IF(OR(C12="",D12="",E12="",F12="",G12=""),"Lengkapi option dan jawaban benar",IF(ISERROR(MATCH(G12,Referensi!$A$2:$A$5,0)),"correctOption harus A/B/C/D","OK")))
A13: =IF(B13<>"",COUNTA($B$2:B13),"") | H13: =IF(B13="","",IF(OR(C13="",D13="",E13="",F13="",G13=""),"Lengkapi option dan jawaban benar",IF(ISERROR(MATCH(G13,Referensi!$A$2:$A$5,0)),"correctOption harus A/B/C/D","OK")))
A14: =IF(B14<>"",COUNTA($B$2:B14),"") | H14: =IF(B14="","",IF(OR(C14="",D14="",E14="",F14="",G14=""),"Lengkapi option dan jawaban benar",IF(ISERROR(MATCH(G14,Referensi!$A$2:$A$5,0)),"correctOption harus A/B/C/D","OK")))
A15: =IF(B15<>"",COUNTA($B$2:B15),"") | H15: =IF(B15="","",IF(OR(C15="",D15="",E15="",F15="",G15=""),"Lengkapi option dan jawaban benar",IF(ISERROR(MATCH(G15,Referensi!$A$2:$A$5,0)),"correctOption harus A/B/C/D","OK")))
A16: =IF(B16<>"",COUNTA($B$2:B16),"") | H16: =IF(B16="","",IF(OR(C16="",D16="",E16="",F16="",G16=""),"Lengkapi option dan jawaban benar",IF(ISERROR(MATCH(G16,Referensi!$A$2:$A$5,0)),"correctOption harus A/B/C/D","OK")))
... A101: =IF(B101<>"",COUNTA($B$2:B101),"") | H101: =IF(B101="","",IF(OR(C101="",D101="",E101="",F101="",G101=""),"Lengkapi option dan jawaban benar",IF(ISERROR(MATCH(G101,Referensi!$A$2:$A$5,0)),"correctOption harus A/B/C/D","OK")))

Sheet Panduan
A1: Template Upload Soal - Khusus questions_json
A3: Tujuan | B3: Guru hanya mengisi daftar soal. Admin/backend yang menentukan course_id, passing_score, dan bank soal.
A4: Aturan utama | B4: 1 baris = 1 soal. Jangan mengubah nama kolom.
A5: questionText | B5: Isi teks pertanyaan.
A6: optionA - optionD | B6: Isi 4 pilihan jawaban.
A7: correctOption | B7: Pilih A, B, C, atau D dari dropdown.
A8: Catatan/Error | B8: Kolom otomatis untuk validasi sederhana. Jika tertulis OK berarti format baris sudah aman diproses.
A9: Alur backend | B9: Ambil data dari sheet Isi_Soal, abaikan baris kosong, lalu ubah menjadi array JSON untuk kolom questions_json.
A10: Format JSON target | B10: [{"questionText":"...","optionA":"...","optionB":"...","optionC":"...","optionD":"...","correctOption":"A"}]

Sheet Referensi
A1: correctOption
A2: A
A3: B
A4: C
A5: D

Sheet Preview_JSON
A1: Keterangan | B1: Nilai
A2: Jumlah soal valid | B2: =COUNTIF(Isi_Soal!H2:H101,"OK") -> 1
A4: Contoh format JSON yang akan dibuat backend
A5: [{"questionText":"Bagaimana cara FIFO bekerja?","optionA":"Masuk pertama keluar terakhir","optionB":"Masuk pertama keluar pertama","optionC":"Masuk terakhir keluar terakhir","optionD":"Masuk terakhir keluar pertama","correctOption":"B"}]
